score,pass,confidence
0.0,False,4.3813090324401855
0.0,False,4.1471476554870605
0.0,False,6.920614242553711
0.0,False,7.252366542816162
0.28571428571428575,False,4.9751434326171875
0.0625,False,6.644197940826416
