score,pass,confidence
0.6666666666666666,True,-0.5901267528533936
0.0,False,0.2982728183269501
0.0,False,-3.161780595779419
0.0,False,-1.4786499738693237
0.0,False,-2.391401767730713
0.14285714285714285,False,0.41077566146850586
0.0,False,-2.9612231254577637
0.3076923076923077,False,-2.842132568359375
0.16666666666666666,False,-0.8166198134422302
0.4,False,-3.0891494750976562
1.0,True,-0.6638427972793579
